name,email
 parth bagal,parth30@gmail.com
swaraj chavan,swarajchavan@gmail.com
om kharamate,omkharamate89@gmail.com
omkar bagal,bagalomkar39@gmail.com
prathamesh nale,prathamesh13@gmail.com
aditya patil,patiladitya77@gmail.com
yash wagh,waghyash@gmail.com
atharva shinde,shindeatharva@gmail.com
raj patil,rajpatil30@gmail.com
